"index";"comment";"learning rate";"gamma";"epoch";"batch size";"seed";"log interval";"optimizer";"transform";"stepLRsize";"loss";"test loss";"accuracy"
1;Testing;4.0;0.7;2;100;1;10;Adadelta;Compose(    ToTensor()    Normalize(mean=(0.1307,), std=(0.3081,)));1;[1.618026852607727, 1.5790492296218872, 1.334381103515625, 1.586308240890503, 0.43575242161750793, 0.2856284976005554, 0.20174255967140198, 0.16866786777973175, 0.03751087561249733, 0.04271138086915016, 0.032032500952482224, 0.022872263565659523, 0.0028238254599273205, 0.017400527372956276, 0.10908385366201401, 0.0015893111703917384, 0.000908014306332916, 0.003926178440451622, 0.06197012960910797, 0.005849631503224373, 0.002512156032025814, 0.0023501641117036343, 0.0008014640188775957, 0.002001147950068116, 0.0011793650919571519, 0.0009101874311454594, 0.0002843800466507673, 0.006112311501055956, 0.001656597014516592, 0.021439041942358017, 0.0017493304330855608, 0.009985311888158321, 0.000160471725394018, 0.0028399121947586536, 0.00017668944201432168, 0.008110187016427517, 0.00013996046618558466, 5.736872844863683e-05, 0.0012640580534934998, 0.00017188947822432965, 5.4723266657674685e-05, 0.00048672794946469367, 9.569995745550841e-05, 0.0002008194860536605, 0.00019927415996789932, 0.003002478973940015, 0.0003643730597104877, 0.00010849870886886492, 0.00030187374795787036, 0.00019474874716252089, 0.0001815737778088078, 0.0015260751824826002, 2.460419273120351e-05, 1.4275661669671535e-05];[0.28963952845670543, 0.30283338581739083];[96.9955724225174, 98.00759013282732]
